Week 1,Week 2,Week 3,Week 4,Week 5,Week 6,Week 7,Week 8,Week 9,Week 10,Week 11,Week 12,Week 13,Week 14,Week 15,Week 16,Week 17,Week 18,Week 19,Week 20,Week 21,Week 22,Week 23,Week 24,Week 25,Week 26
10.8878,10.7321,11.189,11.0337,11.6605,11.5083,11.356,11.4269,11.2658,11.322,11.1636,10.9348,10.9994,11.0673,11.5364,11.3752,11.2142,12.6246,12.6869,13.3237,13.1583,12.9927,12.8251,12.9216,12.7748,12.8691
8.0023,7.8709,7.7359,7.6767,7.6158,7.4819,7.3443,7.3206,7.208,7.7413,7.6283,7.9565,7.8086,7.6612,9.1470,9.1698,9.0779,9.0522,8.9565,8.8634,9.1150,9.0615,9.3765,9.2769,11.0561,10.9554
7.5583,7.4063,7.2545,7.1028,7.4055,7.2935,7.3345,7.195,7.0456,7.2673,7.4119,7.6788,7.5651,7.4512,7.6390,7.4947,7.3498,7.2504,7.2125,7.0664,6.9218,6.8764,6.7536,6.8012,6.9703,7.3876
7.3264,7.2104,7.113,7.0154,6.9508,6.8186,6.8136,6.8653,6.7549,6.999,6.8381,6.6112,6.9010,7.3161,7.4088,7.1387,7.1793,7.1545,7.0853,6.9668,6.8468,6.7770,6.7473,6.7686,6.6519,6.8672
6.5829,6.4694,6.4095,6.3702,6.2489,6.7968,6.8052,6.8133,6.6496,6.7197,6.6072,6.5679,6.4999,6.3883,6.3856,6.8217,6.7124,6.9798,6.9035,6.6404,6.6851,6.7322,6.6708,6.6546,6.6375,6.6491
6.5636,6.4382,6.356,6.2667,6.1543,6.0725,6.1301,6.1886,6.0101,6.0778,6.4883,6.3946,6.4113,6.2549,6.2836,6.2805,6.5835,6.4299,6.3201,6.2106,6.1429,6.1540,6.6318,6.5199,6.6053,6.6485
6.5084,6.3935,6.2787,6.164,6.0492,6.0421,6.0503,6.1246,6.0004,5.982,6.0047,6.0331,5.9869,5.9102,6.1797,6.2095,6.4455,6.3748,6.3089,6.1354,6.1272,5.9369,5.9533,5.8518,6.4434,6.5650
5.6887,5.7821,5.6017,5.6191,5.6388,6.0048,5.8857,5.8788,5.7527,5.9508,5.9617,5.9747,5.8635,5.8043,6.0079,6.0498,6.1662,6.0496,6.2560,6.1071,6.0150,5.9114,5.8556,5.8059,5.8956,5.7877
5.6697,5.5917,5.5139,5.436,5.5184,5.4395,5.5075,5.6579,5.5734,5.6586,5.9013,5.8206,5.7810,5.6747,5.7340,5.8963,5.9196,5.6843,6.1289,6.0518,5.9747,5.8977,5.7926,5.7798,5.8372,5.7379
5.3879,5.3083,5.227,5.2392,5.1792,5.0808,4.9823,4.906,4.8694,5.5854,5.425,5.4126,5.5691,5.5077,5.6932,5.7457,5.6382,5.5820,5.9774,5.9022,5.8198,5.8947,5.7746,5.6540,5.7031,5.6562
4.9918,4.9467,5.1075,5.1494,5.1121,5.0436,4.9751,4.884,4.8088,4.8769,4.7952,4.7636,5.2988,5.1200,5.5030,5.4267,5.3507,5.2993,5.6249,5.3714,5.1882,5.3751,5.2975,5.2200,5.3812,5.3803
4.7955,4.7285,5.0464,4.9796,5.0986,5.0157,4.9341,4.8524,4.7856,4.8597,4.7867,4.7138,4.6857,4.9359,4.9074,4.8790,4.8504,5.0440,5.2224,5.1459,5.0689,5.1859,5.0599,5.0512,5.1720,5.0834
4.4024,4.3785,4.9226,4.8585,4.7942,4.8846,4.8598,4.8287,4.7665,4.7619,4.6993,4.6365,4.6376,4.6073,4.7273,4.6506,4.5739,4.6675,5.0533,5.0175,4.9807,4.9439,4.8949,4.8458,4.7838,4.7359
4.3274,4.2901,4.3033,4.2554,4.4436,4.3416,4.2798,4.4311,4.3658,4.7593,4.6982,4.5999,4.5802,4.5547,4.5821,4.5825,4.4812,4.4861,4.5282,4.5143,4.4462,4.3782,4.5252,4.4601,4.5179,4.4529
4.0752,4.2752,4.235,4.225,4.2039,4.1472,4.1298,4.2482,4.1991,4.3597,4.6544,4.5949,4.5352,4.5451,4.5104,4.5120,4.4428,4.4486,4.4554,4.3857,4.3533,4.2842,4.2637,4.1896,4.2867,4.1496
4.0578,4.2082,4.1817,4.1728,4.2034,4.1402,4.0755,4.0736,4.1649,4.2141,4.2947,4.2602,4.1986,4.4843,4.4821,4.4485,4.3865,4.4099,4.2701,4.1888,4.1740,4.1130,4.0985,4.0450,4.0959,3.9987
3.9657,4.1073,4.1435,4.1136,4.1751,4.0825,4.029,4.0049,3.8468,3.8074,3.7496,3.7229,4.0563,4.1371,4.4419,4.4074,4.3328,4.3013,4.2401,4.1830,4.1669,4.0942,4.0282,4.0013,4.0794,3.9629
3.7827,3.9935,4.1283,4.0637,3.9923,3.8838,3.8632,3.9634,3.8243,3.7922,3.747,3.7214,3.6554,3.9996,4.3873,4.2865,4.1852,4.1789,4.0802,4.1651,4.1076,4.0537,4.0198,3.9467,4.0178,3.9628
3.7452,3.9085,3.9109,3.8282,3.8436,3.8406,3.7963,3.7531,3.7316,3.6977,3.7086,3.6867,3.6438,3.6011,3.8992,3.8702,3.8138,3.8448,3.9440,3.8909,4.0868,3.9893,3.8912,3.9455,3.9624,3.9437
3.7105,3.8229,3.7416,3.6642,3.806,3.673,3.6614,3.7516,3.6623,3.6956,3.6697,3.6418,3.6139,3.5907,3.6352,3.5925,3.5496,3.5779,3.6394,3.5822,3.8380,3.7849,3.8719,3.9138,3.8661,3.7857
3.6531,3.7931,3.7272,3.6606,3.7031,3.6227,3.657,3.6491,3.5638,3.6255,3.5233,3.5003,3.4474,3.3609,3.5564,3.5130,3.4693,3.4237,3.6227,3.5803,3.5743,3.5327,3.5405,3.5160,3.8582,3.7812
3.5434,3.7385,3.709,3.6248,3.6106,3.5903,3.5421,3.4785,3.421,3.506,3.4257,3.4558,3.4047,3.3522,3.4481,3.4555,3.4632,3.4030,3.5164,3.4649,3.5251,3.4680,3.4577,3.4960,3.5948,3.5463
3.4592,3.5426,3.4744,3.4424,3.541,3.4571,3.5321,3.4617,3.3825,3.4089,3.3563,3.3457,3.3743,3.3232,3.4233,3.3418,3.3423,3.3332,3.3578,3.3035,3.4127,3.4292,3.3965,3.4074,3.4344,3.3383
3.3769,3.3148,3.3866,3.4061,3.3848,3.3921,3.3361,3.2726,3.3806,3.3901,3.3364,3.3385,3.3165,3.3214,3.3443,3.3341,3.2736,3.3093,3.3557,3.2440,3.2763,3.3605,3.2821,3.2271,3.3552,3.3186
3.269,3.3091,3.3355,3.3352,3.3759,3.3184,3.2636,3.2435,3.2186,3.3711,3.3228,3.3037,3.2986,3.2363,3.3434,3.3180,3.2601,3.2970,3.3221,3.2439,3.2263,3.2164,3.2220,3.2036,3.2768,3.3059
3.245,3.2604,3.2675,3.2709,3.3082,3.309,3.2326,3.2077,3.1865,3.3343,3.3151,3.2807,3.2511,3.1972,3.3090,3.2898,3.2355,3.2646,3.2767,3.2321,3.2161,3.1671,3.1856,3.1778,3.2058,3.2969
3.2279,3.1896,3.134,3.1767,3.2172,3.2384,3.1847,3.1307,3.1333,3.3073,3.2528,3.2647,3.2106,3.1471,3.2935,3.2547,3.2179,3.2597,3.2701,3.2257,3.2056,3.1607,3.1094,3.0725,3.1950,3.2407
3.1101,3.1763,3.1248,3.0785,3.1957,3.2284,3.1818,3.0934,3.1183,3.2307,3.251,3.2591,3.2031,3.1211,3.2485,3.1957,3.1993,3.2486,3.2324,3.2172,3.1961,3.1479,3.0998,3.0574,3.1521,3.1928
3.0983,3.113,3.0652,3.0733,3.1641,3.1844,3.1389,3.0857,3.1093,3.1613,3.2418,3.1824,3.1993,3.0921,3.1681,3.1106,3.1427,3.1565,3.1968,3.2145,3.1685,3.1471,3.0881,3.0516,3.1112,3.1608
3.0974,3.0624,3.0124,2.9623,3.1493,3.1636,3.11,3.0586,3.0884,3.1274,3.1821,3.1374,3.1841,3.0648,3.1588,3.1014,3.0755,3.1304,3.1418,3.1756,3.1480,3.1280,3.0790,3.0299,3.0526,3.1286
2.9688,3.0329,2.9674,2.957,3.1047,3.0464,3.016,3.013,2.9952,3.0978,3.0706,3.0409,2.9852,2.9904,3.0889,3.0620,3.0517,3.1169,3.0986,3.1498,3.1215,3.0844,3.0435,3.0275,3.0020,3.0081
2.942,2.9092,2.8746,2.9247,3.0227,2.9734,3.0015,2.956,2.9493,3.0494,3.0297,3.0136,2.9570,2.9472,3.0616,3.0452,3.0438,3.0975,3.0651,3.0660,3.0146,3.0145,2.9666,2.9692,2.9658,3.0005
2.9369,2.8804,2.7805,2.84,2.982,2.9288,2.9342,2.9388,2.9458,2.9887,2.9377,2.9394,2.9545,2.9308,2.9807,3.0066,2.9955,3.0766,3.0486,2.9789,3.0075,3.0132,2.9647,2.9235,2.9120,2.9094
2.8725,2.825,2.7676,2.7647,2.9361,2.9036,2.8877,2.9182,2.9086,2.9305,2.8891,2.9218,2.9314,2.9247,2.9496,2.9249,2.9112,3.0226,2.9910,2.9593,2.9871,2.9958,2.9494,2.8844,2.8707,2.8945
2.8692,2.7509,2.7476,2.7444,2.9358,2.8843,2.8487,2.9126,2.8884,2.928,2.8827,2.9211,2.8980,2.8566,2.8876,2.8289,2.8597,2.8962,2.8556,2.8455,2.9544,2.9711,2.9198,2.8684,2.8489,2.8568
2.8128,2.7466,2.7362,2.733,2.6858,2.8385,2.8414,2.8444,2.8855,2.8952,2.8729,2.9055,2.8727,2.8335,2.8327,2.8157,2.7765,2.8828,2.8174,2.8406,2.9459,2.9308,2.8970,2.8632,2.8219,2.7977
2.807,2.7453,2.716,2.6976,2.6695,2.6614,2.8402,2.8329,2.8673,2.8584,2.8495,2.8411,2.7849,2.8193,2.8228,2.8010,2.7693,2.8707,2.8163,2.7833,2.8550,2.9097,2.8712,2.8327,2.8193,2.7954
2.7883,2.738,2.7039,2.6875,2.6358,2.6267,2.8043,2.8031,2.7648,2.8543,2.8092,2.8038,2.7843,2.7126,2.8152,2.7659,2.7157,2.8527,2.8089,2.7656,2.7910,2.9053,2.8640,2.8227,2.8171,2.7893
2.7581,2.7111,2.7022,2.6686,2.6134,2.6166,2.6119,2.7666,2.7316,2.8394,2.7851,2.7845,2.7582,2.6752,2.6669,2.7296,2.6936,2.8244,2.7865,2.7560,2.7876,2.8217,2.8202,2.7658,2.8054,2.7751
2.75,2.6995,2.6717,2.6597,2.6049,2.6014,2.6117,2.7277,2.7029,2.7332,2.7006,2.6594,2.6638,2.6303,2.6513,2.6243,2.6147,2.7757,2.7853,2.7492,2.7841,2.7961,2.7880,2.7542,2.7934,2.7664
2.6912,2.69,2.6299,2.6592,2.602,2.5953,2.57,2.6136,2.5856,2.7252,2.6844,2.6561,2.6395,2.6134,2.5956,2.6213,2.5915,2.7623,2.7212,2.7475,2.7111,2.7415,2.7426,2.6891,2.7821,2.7618
2.663,2.6102,2.6163,2.6255,2.5795,2.5739,2.5613,2.5737,2.5357,2.7053,2.6762,2.6436,2.6247,2.5933,2.5868,2.6203,2.5753,2.6144,2.5920,2.6703,2.7003,2.7096,2.7095,2.6776,2.6911,2.6403
2.6517,2.5921,2.6034,2.5981,2.5622,2.5331,2.5488,2.5354,2.5259,2.6387,2.6338,2.6284,2.6027,2.5619,2.5704,2.5746,2.5376,2.5851,2.5679,2.5616,2.6752,2.7034,2.6494,2.5904,2.6458,2.6345
2.6209,2.5913,2.5746,2.5683,2.5291,2.5247,2.5441,2.5056,2.5227,2.6027,2.5637,2.6124,2.5555,2.5212,2.5595,2.5584,2.5053,2.5515,2.5456,2.5295,2.5630,2.6401,2.6258,2.5890,2.6363,2.6143
2.5962,2.5866,2.5515,2.5163,2.5282,2.5059,2.4981,2.5022,2.4784,2.5173,2.4831,2.5246,2.4850,2.4987,2.5324,2.5187,2.4774,2.5356,2.5169,2.4969,2.5434,2.5813,2.5599,2.5515,2.5930,2.5792
2.5569,2.5614,2.5212,2.505,2.5099,2.5059,2.4953,2.5007,2.4769,2.502,2.4638,2.4545,2.4579,2.4467,2.5290,2.4987,2.4545,2.5250,2.5155,2.4789,2.5308,2.5491,2.5409,2.5137,2.5761,2.5651
2.5564,2.5174,2.5,2.4691,2.493,2.5013,2.4873,2.4475,2.4557,2.4963,2.4466,2.4518,2.4181,2.4419,2.4084,2.4917,2.4460,2.4832,2.4963,2.4643,2.4885,2.5452,2.5016,2.4582,2.5107,2.4717
2.5131,2.4698,2.4959,2.4505,2.4427,2.4863,2.4831,2.4406,2.443,2.4827,2.4397,2.4408,2.3976,2.4122,2.3666,2.3701,2.3776,2.4804,2.4431,2.4622,2.4711,2.4902,2.4824,2.4445,2.4790,2.4683
2.4465,2.4694,2.4583,2.4504,2.4166,2.4729,2.4636,2.4342,2.4428,2.4472,2.4362,2.4297,2.3901,2.3541,2.3665,2.3341,2.3015,2.4536,2.4332,2.4075,2.4671,2.4664,2.4694,2.4386,2.4469,2.4625
2.4449,2.4575,2.4468,2.4248,2.4078,2.4704,2.4636,2.4197,2.4277,2.43,2.4353,2.4214,2.3871,2.3519,2.3421,2.3187,2.2761,2.3834,2.4282,2.4072,2.4547,2.4425,2.4365,2.4082,2.4286,2.4594
2.4205,2.4571,2.4431,2.4209,2.4047,2.4618,2.4453,2.4021,2.3959,2.4171,2.3913,2.4008,2.3777,2.3385,2.3261,2.3180,2.2698,2.3411,2.4248,2.3889,2.4479,2.4413,2.4244,2.3945,2.4149,2.4377
2.4182,2.4404,2.4287,2.4043,2.3795,2.3853,2.3878,2.3689,2.3559,2.3237,2.28,2.3655,2.3000,2.3334,2.3133,2.3096,2.2693,2.3238,2.3884,2.3617,2.4450,2.4405,2.4243,2.3878,2.4065,2.3756
2.3916,2.3957,2.4157,2.4034,2.3788,2.3585,2.3815,2.3624,2.3476,2.3082,2.2699,2.2874,2.2884,2.2515,2.2796,2.3003,2.2648,2.2728,2.3541,2.3226,2.4279,2.4403,2.4099,2.3875,2.4030,2.3720
2.3588,2.3883,2.3553,2.38,2.3655,2.3419,2.3527,2.3196,2.337,2.3035,2.2663,2.2363,2.2093,2.2325,2.2215,2.1959,2.2226,2.2632,2.3477,2.3121,2.4046,2.4263,2.4044,2.3805,2.3952,2.3586
2.3156,2.3868,2.3305,2.3622,2.352,2.3351,2.3125,2.2979,2.2866,2.3011,2.2603,2.2126,2.2038,2.1753,2.2148,2.1770,2.2132,2.2209,2.3003,2.2606,2.3912,2.3986,2.4030,2.3703,2.3914,2.3512
2.307,2.2861,2.2595,2.3543,2.3482,2.3296,2.3051,2.2667,2.2628,2.2506,2.2541,2.2101,2.2008,2.1687,2.1516,2.1750,2.1786,2.2176,2.2410,2.2445,2.3698,2.3583,2.3862,2.3700,2.3745,2.3424
2.2748,2.268,2.2561,2.3305,2.3427,2.3267,2.2952,2.2664,2.2581,2.2335,2.2148,2.209,2.1966,2.1636,2.1483,2.1622,2.1410,2.1985,2.2387,2.2088,2.3348,2.3071,2.3810,2.3634,2.3489,2.3408
2.2503,2.2254,2.2467,2.3028,2.3307,2.31,2.2918,2.2539,2.2493,2.2335,2.2143,2.2073,2.1839,2.1562,2.1467,2.1525,2.1348,2.1908,2.1900,2.1680,2.2920,2.3006,2.3775,2.3577,2.3345,2.3010
2.2447,2.2104,2.2235,2.2728,2.2433,2.3086,2.2783,2.2483,2.2205,2.2332,2.2051,2.206,2.1737,2.1375,2.1400,2.1249,2.1269,2.1423,2.1863,2.1550,2.2638,2.2570,2.3667,2.3186,2.3293,2.3001
2.2053,2.2098,2.1888,2.2239,2.224,2.2925,2.2538,2.2452,2.2203,2.2182,2.1977,2.2026,2.1701,2.1170,2.1307,2.1209,2.1038,2.1250,2.1720,2.1243,2.2505,2.2319,2.3225,2.2866,2.2677,2.2202
2.2001,2.2039,2.1881,2.2227,2.2186,2.2298,2.2417,2.237,2.2122,2.2074,2.1912,2.1991,2.1649,2.1134,2.1032,2.1049,2.1023,2.1199,2.1052,2.0755,2.2292,2.2186,2.2786,2.2484,2.2460,2.2145
2.191,2.197,2.1622,2.1993,2.1914,2.2272,2.2379,2.1898,2.211,2.1785,2.1425,2.1961,2.1517,2.1118,2.0875,2.0658,2.0831,2.0916,2.1024,2.0691,2.1689,2.2115,2.2260,2.1947,2.2456,2.2135
2.1708,2.1389,2.1437,2.1491,2.191,2.2035,2.1506,2.167,2.1869,2.1405,2.1291,2.1529,2.1393,2.1035,2.0371,2.0612,2.0693,2.0881,2.1003,2.0679,2.1553,2.1466,2.1989,2.1659,2.2010,2.1796
2.0506,2.1162,2.0845,2.1308,2.1876,2.1913,2.1393,2.1589,2.1477,2.1375,2.1054,2.1501,2.1133,2.0944,2.0319,2.0318,2.0338,2.0813,2.0545,2.0646,2.1512,2.1392,2.1364,2.1443,2.1243,2.1696
2.0357,2.0247,2.083,2.1258,2.1128,2.179,2.1301,2.1494,2.1248,2.1103,2.1043,2.1309,2.1063,2.0763,2.0287,2.0208,2.0271,2.0728,2.0459,2.0458,2.1185,2.1323,2.1237,2.1029,2.1116,2.1127
2.0087,2.0188,1.9918,2.122,2.1009,2.1588,2.1063,2.0859,2.1,2.0421,2.0005,2.1066,2.0992,2.0657,2.0280,1.9905,2.0043,2.0481,2.0453,2.0414,2.0825,2.1199,2.0899,2.0975,2.0731,2.0878
1.9975,1.9936,1.9843,2.1202,2.1005,2.1521,2.0758,2.0419,2.0416,2.0318,1.9872,2.0796,2.0982,2.0652,2.0280,1.9827,1.9983,1.9858,2.0148,2.0344,2.0262,2.0474,2.0625,2.0689,2.0660,2.0261
1.9955,1.9727,1.9818,2.0973,2.0775,2.0865,2.0597,2.0404,2.0065,2.0215,1.9846,2.0682,2.0321,2.0636,2.0262,1.9803,1.9729,1.9788,1.9389,2.0075,2.0105,2.0466,2.0240,2.0266,2.0136,1.9681
1.9786,1.9469,1.9671,2.0493,2.0494,2.0701,2.0346,2.0326,2.0054,1.9974,1.9758,2.0551,2.0305,2.0420,2.0176,1.9677,1.9723,1.9347,1.8917,1.9954,1.9984,2.0046,2.0091,1.9881,1.9906,1.9658
1.9396,1.9032,1.937,1.9646,1.9438,2.0621,1.9892,1.9856,2.0046,1.9677,1.9677,2.0313,2.0274,2.0256,2.0117,1.9607,1.9518,1.9266,1.8906,1.9728,1.9524,1.9865,2.0021,1.9871,1.9740,1.9621
1.9262,1.8931,1.9153,1.9524,1.9431,2.0336,1.982,1.946,1.9555,1.9224,1.931,1.97,2.0231,1.9743,1.9995,1.9418,1.9511,1.9208,1.8904,1.8991,1.9402,1.9752,1.9875,1.9767,1.9633,1.9545
1.8805,1.8846,1.869,1.9501,1.9374,2.0157,1.9415,1.9445,1.9454,1.8994,1.8913,1.95,1.9396,1.9092,1.9265,1.8794,1.9356,1.9030,1.8869,1.8983,1.9102,1.9076,1.9757,1.9761,1.9396,1.9503
1.8652,1.8619,1.8564,1.9214,1.9232,1.9304,1.9153,1.8996,1.9075,1.8994,1.8895,1.9195,1.8938,1.8562,1.8788,1.8788,1.8665,1.8469,1.8704,1.8575,1.8940,1.8936,1.9517,1.9300,1.9393,1.9472
1.8334,1.8459,1.8538,1.8441,1.9054,1.8845,1.8633,1.8759,1.8774,1.8501,1.842,1.916,1.8775,1.8334,1.8652,1.8113,1.8444,1.8158,1.8504,1.8351,1.8669,1.8709,1.9437,1.9245,1.9039,1.9330
1.8222,1.8384,1.8362,1.8348,1.859,1.8717,1.8444,1.8749,1.8652,1.8062,1.8146,1.8942,1.8634,1.8080,1.8188,1.7989,1.8273,1.8123,1.8254,1.8283,1.8592,1.8559,1.9259,1.9190,1.9023,1.9235
1.8132,1.8267,1.7969,1.8104,1.819,1.7976,1.8393,1.8695,1.8411,1.7965,1.8083,1.8346,1.8108,1.7871,1.7990,1.7812,1.7906,1.7663,1.7908,1.8231,1.8464,1.8207,1.8747,1.9024,1.8863,1.9161
1.7861,1.8209,1.7934,1.786,1.8004,1.7899,1.8223,1.8386,1.8206,1.7891,1.8006,1.7971,1.7873,1.7783,1.7899,1.7768,1.7803,1.7454,1.7802,1.8101,1.8096,1.8188,1.8664,1.8733,1.8548,1.8700
1.7726,1.7896,1.7871,1.7857,1.7985,1.7662,1.7761,1.8061,1.8138,1.7755,1.7713,1.7892,1.7609,1.7654,1.7693,1.7763,1.7645,1.7441,1.7530,1.7758,1.7889,1.7985,1.8320,1.8143,1.7956,1.8602
1.7704,1.7652,1.7837,1.7605,1.7798,1.7334,1.7608,1.7933,1.7727,1.7445,1.7555,1.7754,1.7524,1.7569,1.7633,1.7582,1.7607,1.7391,1.7263,1.7456,1.7561,1.7551,1.7822,1.7806,1.7632,1.8524
1.7628,1.7486,1.7489,1.7534,1.7616,1.7218,1.732,1.7535,1.7656,1.7391,1.7286,1.7695,1.7502,1.7266,1.7549,1.7532,1.7575,1.7151,1.7205,1.7314,1.7414,1.7334,1.7767,1.7731,1.7592,1.8306
1.7505,1.7434,1.7406,1.7481,1.7597,1.7149,1.714,1.7029,1.7546,1.7387,1.7159,1.7367,1.7459,1.7250,1.7504,1.7447,1.7366,1.7035,1.7079,1.7121,1.7382,1.7222,1.7677,1.7680,1.7419,1.8037
1.7229,1.7316,1.7403,1.7413,1.7504,1.7021,1.707,1.6977,1.7497,1.7378,1.7048,1.7355,1.7433,1.7164,1.7435,1.7395,1.7261,1.6989,1.7072,1.7057,1.7243,1.7179,1.7524,1.7530,1.7303,1.7500
1.7106,1.7231,1.7257,1.7191,1.7195,1.6952,1.6761,1.6949,1.7321,1.7366,1.7035,1.6947,1.7270,1.7131,1.6998,1.7316,1.7073,1.6829,1.7025,1.6987,1.7108,1.7146,1.7502,1.7279,1.7052,1.7424
1.7103,1.7193,1.7172,1.7147,1.7041,1.6871,1.6698,1.6829,1.717,1.6944,1.6926,1.6805,1.7155,1.7103,1.6969,1.7284,1.6958,1.6777,1.7017,1.6813,1.7081,1.7132,1.7201,1.7198,1.6973,1.7386
1.6795,1.6961,1.7095,1.699,1.6892,1.6854,1.6627,1.6418,1.696,1.6919,1.6922,1.6707,1.6748,1.7054,1.6956,1.6883,1.6884,1.6712,1.7009,1.6759,1.6953,1.7073,1.7027,1.6964,1.6871,1.7185
1.6272,1.6887,1.6995,1.6794,1.6806,1.6694,1.6514,1.6352,1.6746,1.666,1.6668,1.6562,1.6536,1.6955,1.6802,1.6862,1.6845,1.6693,1.6718,1.6745,1.6869,1.6924,1.6961,1.6938,1.6729,1.7149
1.59,1.665,1.6671,1.6549,1.6722,1.6636,1.644,1.6306,1.6618,1.6482,1.6442,1.6418,1.6483,1.6763,1.6613,1.6746,1.6797,1.6592,1.6569,1.6717,1.6699,1.6848,1.6934,1.6835,1.6727,1.6876
1.5888,1.6504,1.6214,1.6182,1.6589,1.6615,1.638,1.6185,1.6367,1.6198,1.63,1.6072,1.6266,1.6548,1.6572,1.6717,1.6408,1.6439,1.6514,1.6692,1.6694,1.6815,1.6900,1.6663,1.6613,1.6767
1.5846,1.6126,1.6204,1.5971,1.6236,1.6294,1.635,1.6115,1.6343,1.6192,1.6113,1.6034,1.6168,1.6421,1.6334,1.6663,1.6345,1.6194,1.6343,1.6674,1.6571,1.6623,1.6825,1.6578,1.6477,1.6715
1.5729,1.6004,1.5769,1.5969,1.6014,1.6184,1.6135,1.6085,1.6272,1.6009,1.6008,1.5901,1.5989,1.6291,1.6094,1.6393,1.6325,1.6034,1.6338,1.6602,1.6532,1.6418,1.6825,1.6511,1.6425,1.6698
1.5721,1.5754,1.5603,1.574,1.5736,1.6165,1.6132,1.608,1.6103,1.5976,1.5924,1.5872,1.5942,1.6171,1.5876,1.6382,1.6173,1.5938,1.6089,1.6447,1.6393,1.6349,1.6718,1.6504,1.6330,1.6523
1.542,1.5548,1.5406,1.556,1.5674,1.5501,1.6068,1.5912,1.6061,1.5766,1.5912,1.5773,1.5873,1.6030,1.5791,1.6337,1.6158,1.5929,1.5976,1.6411,1.6309,1.6314,1.6277,1.6471,1.6300,1.6488
1.5346,1.5399,1.5321,1.553,1.5592,1.5363,1.5942,1.5829,1.582,1.5726,1.5829,1.5666,1.5821,1.5917,1.5705,1.6212,1.6057,1.5776,1.5859,1.6251,1.6179,1.6215,1.6232,1.6052,1.6300,1.6449
1.5165,1.5358,1.5149,1.5452,1.5291,1.5314,1.5266,1.5392,1.581,1.5555,1.5539,1.558,1.5706,1.5866,1.5659,1.5775,1.5996,1.5674,1.5717,1.5997,1.6029,1.6162,1.6151,1.5990,1.6183,1.6255
1.4997,1.5094,1.5116,1.5216,1.5276,1.5093,1.5128,1.518,1.569,1.5538,1.5501,1.5495,1.5650,1.5768,1.5593,1.5705,1.5622,1.5546,1.5696,1.5926,1.5927,1.6156,1.6120,1.5940,1.6144,1.6156
1.4994,1.5027,1.5108,1.4964,1.5274,1.5002,1.5114,1.5028,1.559,1.5512,1.5391,1.5435,1.5624,1.5752,1.5560,1.5671,1.5511,1.5538,1.5491,1.5905,1.5793,1.5979,1.6095,1.5885,1.5823,1.6091
1.4925,1.4849,1.5038,1.4889,1.4974,1.4992,1.5073,1.4879,1.5352,1.55,1.5294,1.5342,1.5590,1.5463,1.5483,1.5536,1.5411,1.5370,1.5351,1.5404,1.5637,1.5935,1.6039,1.5801,1.5624,1.5933
1.4896,1.4821,1.4905,1.4876,1.493,1.476,1.4877,1.4832,1.5269,1.5352,1.5277,1.5267,1.5384,1.5435,1.5357,1.5441,1.5403,1.5189,1.5340,1.5389,1.5631,1.5589,1.5653,1.5792,1.5620,1.5664
1.4828,1.4743,1.4796,1.4875,1.4751,1.4727,1.4769,1.4792,1.4876,1.5158,1.5176,1.5173,1.5185,1.5287,1.5221,1.5363,1.5400,1.5177,1.5266,1.5323,1.5611,1.5412,1.5629,1.5574,1.5541,1.5583
1.4738,1.4736,1.4777,1.4756,1.472,1.4701,1.4727,1.4679,1.4865,1.5017,1.5113,1.51,1.5119,1.4928,1.5220,1.5084,1.5368,1.5135,1.5159,1.5208,1.5315,1.5409,1.5625,1.5565,1.5537,1.5500
1.4716,1.4709,1.4747,1.4749,1.4602,1.4644,1.4639,1.466,1.4784,1.4956,1.4964,1.4875,1.5092,1.4905,1.5020,1.5075,1.5136,1.4956,1.5155,1.5086,1.5271,1.5399,1.5370,1.5424,1.5435,1.5486
1.4576,1.4693,1.473,1.4575,1.4547,1.4536,1.4505,1.4451,1.4563,1.454,1.4307,1.4788,1.5086,1.4875,1.4950,1.4978,1.4869,1.4942,1.5139,1.5066,1.5229,1.5095,1.5356,1.5374,1.5385,1.5443
1.4551,1.4647,1.4543,1.4345,1.4527,1.4517,1.4471,1.4442,1.4445,1.4483,1.4297,1.4389,1.4636,1.4669,1.4738,1.4957,1.4687,1.4770,1.4986,1.4988,1.5077,1.5008,1.5193,1.5328,1.5311,1.5431
1.4512,1.4522,1.4494,1.4283,1.4451,1.4474,1.433,1.437,1.4435,1.4333,1.4275,1.4182,1.4610,1.4397,1.4658,1.4603,1.4634,1.4759,1.4968,1.4969,1.4928,1.4886,1.5159,1.5292,1.5272,1.5196
1.451,1.4309,1.449,1.4278,1.4253,1.4364,1.4121,1.428,1.442,1.4228,1.422,1.4139,1.4549,1.4335,1.4159,1.4433,1.4634,1.4752,1.4954,1.4940,1.4851,1.4876,1.5124,1.5205,1.5221,1.5037
1.4457,1.4238,1.4465,1.4211,1.423,1.4305,1.4103,1.424,1.4393,1.4207,1.4157,1.4042,1.4273,1.4119,1.4129,1.4267,1.4571,1.4423,1.4951,1.4914,1.4714,1.4790,1.4843,1.4953,1.5075,1.5016
1.4379,1.4178,1.4457,1.42,1.409,1.4093,1.4083,1.4179,1.4176,1.4135,1.4104,1.3993,1.4181,1.4051,1.4054,1.3917,1.4209,1.4371,1.4543,1.4887,1.4697,1.4765,1.4839,1.4892,1.4961,1.5013
1.4326,1.4174,1.4249,1.4166,1.4077,1.3929,1.4012,1.4149,1.4057,1.4124,1.3924,1.3874,1.4178,1.4015,1.3995,1.3813,1.4134,1.4202,1.4532,1.4745,1.4673,1.4745,1.4829,1.4573,1.4748,1.4738
1.4324,1.4095,1.4191,1.4054,1.406,1.3909,1.3945,1.4143,1.403,1.3898,1.3908,1.3839,1.4167,1.3945,1.3915,1.3772,1.3814,1.4077,1.4421,1.4305,1.4603,1.4632,1.4500,1.4518,1.4396,1.4585
1.4309,1.401,1.4116,1.4051,1.4046,1.3896,1.3933,1.3949,1.3956,1.3882,1.3893,1.3741,1.4109,1.3870,1.3848,1.3681,1.3676,1.3986,1.4250,1.4091,1.4479,1.4432,1.4409,1.4513,1.4350,1.4151
1.418,1.3977,1.4097,1.3963,1.3844,1.3871,1.3795,1.3864,1.3945,1.382,1.3783,1.3686,1.4075,1.3783,1.3830,1.3657,1.3622,1.3608,1.4212,1.4019,1.4450,1.4266,1.4393,1.4448,1.4344,1.4115
1.4133,1.3961,1.4063,1.3943,1.3734,1.3871,1.3706,1.3797,1.3907,1.3664,1.361,1.3666,1.3933,1.3683,1.3632,1.3628,1.3583,1.3595,1.4015,1.3960,1.4367,1.4263,1.4345,1.4295,1.4265,1.4060
1.4054,1.39,1.3977,1.3877,1.3708,1.3815,1.3661,1.3773,1.3613,1.3453,1.344,1.363,1.3919,1.3650,1.3571,1.3448,1.3572,1.3508,1.3805,1.3829,1.4350,1.4228,1.4313,1.4251,1.4198,1.4043
1.3991,1.3852,1.3891,1.3871,1.3691,1.3792,1.3591,1.3475,1.3606,1.3393,1.3422,1.3562,1.3880,1.3644,1.3457,1.3393,1.3550,1.3435,1.3761,1.3796,1.3980,1.4157,1.4190,1.4132,1.4098,1.4013
1.3709,1.3827,1.3732,1.375,1.3642,1.3674,1.3485,1.3444,1.3583,1.3381,1.3268,1.3546,1.3764,1.3559,1.3425,1.3362,1.3515,1.3385,1.3675,1.3744,1.3907,1.4046,1.4147,1.4110,1.4001,1.3993
1.3427,1.3812,1.3717,1.3742,1.3632,1.3637,1.347,1.343,1.3458,1.3369,1.3183,1.3515,1.3641,1.3362,1.3355,1.3270,1.3514,1.3376,1.3395,1.3535,1.3793,1.3929,1.4054,1.4101,1.3951,1.3901
1.34,1.3499,1.3695,1.3607,1.3627,1.3594,1.3432,1.3245,1.3255,1.3213,1.3078,1.3242,1.3530,1.3320,1.3260,1.3155,1.3473,1.3348,1.3174,1.3533,1.3768,1.3864,1.3892,1.3949,1.3944,1.3727
1.3398,1.3357,1.369,1.3548,1.3601,1.3506,1.3426,1.3233,1.3245,1.3068,1.3058,1.3186,1.3429,1.3202,1.3245,1.3036,1.3452,1.3328,1.3167,1.3281,1.3762,1.3833,1.3709,1.3931,1.3809,1.3721
1.3252,1.3319,1.366,1.3527,1.3507,1.3483,1.3409,1.3201,1.3199,1.3064,1.2952,1.3179,1.3408,1.3150,1.3084,1.2846,1.3249,1.3290,1.3084,1.3114,1.3266,1.3769,1.3642,1.3907,1.3789,1.3689
1.3242,1.3183,1.3644,1.3473,1.3503,1.3434,1.3372,1.3172,1.3197,1.3035,1.2947,1.3152,1.3292,1.3135,1.2931,1.2829,1.3244,1.3148,1.3073,1.2883,1.3242,1.3764,1.3596,1.3841,1.3712,1.3661
1.3168,1.313,1.3571,1.3461,1.3404,1.3365,1.3322,1.3148,1.3182,1.299,1.289,1.3085,1.3212,1.3067,1.2892,1.2805,1.3186,1.3041,1.3061,1.2849,1.3167,1.3700,1.3591,1.3543,1.3708,1.3597
1.2991,1.311,1.3232,1.3421,1.3375,1.3347,1.3288,1.3078,1.3139,1.2971,1.2865,1.2942,1.3134,1.3016,1.2844,1.2725,1.3051,1.2922,1.2988,1.2840,1.3139,1.3662,1.3582,1.3492,1.3628,1.3494
1.2864,1.2924,1.3211,1.3381,1.3283,1.3272,1.3278,1.3045,1.3033,1.2968,1.2864,1.2914,1.3101,1.2959,1.2756,1.2634,1.2969,1.2865,1.2887,1.2827,1.2972,1.3577,1.3563,1.3392,1.3563,1.3386
1.2831,1.2884,1.3098,1.3306,1.3203,1.3256,1.3068,1.3045,1.2911,1.293,1.2737,1.2853,1.2901,1.2716,1.2533,1.2608,1.2808,1.2828,1.2877,1.2798,1.2945,1.3476,1.3510,1.3350,1.3455,1.3341
1.2774,1.2837,1.3056,1.3282,1.3159,1.3222,1.303,1.3025,1.2873,1.2907,1.2696,1.2713,1.2892,1.2711,1.2533,1.2431,1.2761,1.2763,1.2837,1.2722,1.2791,1.3432,1.3424,1.3264,1.3366,1.3317
1.2697,1.2605,1.3015,1.3035,1.3094,1.3117,1.3008,1.295,1.2868,1.2745,1.2578,1.2697,1.2888,1.2668,1.2444,1.2394,1.2682,1.2676,1.2708,1.2397,1.2777,1.3106,1.3386,1.3194,1.3298,1.3256
1.2564,1.2467,1.2968,1.2962,1.3019,1.3105,1.2927,1.2899,1.2804,1.272,1.2573,1.266,1.2711,1.2508,1.2304,1.2351,1.2631,1.2668,1.2658,1.2345,1.2680,1.3054,1.3342,1.3138,1.3207,1.3023
1.2556,1.2418,1.2794,1.2872,1.2789,1.3089,1.2922,1.2871,1.2799,1.2574,1.2545,1.2642,1.2487,1.2314,1.2230,1.2345,1.2562,1.2619,1.2395,1.2212,1.2633,1.3011,1.2940,1.3120,1.3147,1.2873
1.2497,1.2393,1.2655,1.2809,1.2727,1.2925,1.2895,1.2783,1.2797,1.256,1.239,1.2642,1.2456,1.2234,1.2110,1.2343,1.2383,1.2425,1.2209,1.2175,1.2590,1.2911,1.2834,1.2783,1.2993,1.2835
1.2468,1.2319,1.2557,1.2779,1.2555,1.2816,1.2884,1.2761,1.2747,1.2547,1.2344,1.2505,1.2443,1.2212,1.1984,1.2219,1.2357,1.2198,1.2189,1.2110,1.2572,1.2706,1.2692,1.2647,1.2959,1.2730
1.2458,1.2309,1.2556,1.2727,1.2547,1.2761,1.2884,1.2752,1.2683,1.2521,1.2315,1.2401,1.2251,1.2188,1.1970,1.1989,1.2345,1.2102,1.2021,1.1988,1.2557,1.2590,1.2691,1.2639,1.2934,1.2728
1.2451,1.2264,1.2347,1.2685,1.2523,1.2713,1.2858,1.2706,1.254,1.2417,1.2284,1.2297,1.2249,1.2111,1.1934,1.1908,1.2250,1.2087,1.2013,1.1942,1.2405,1.2477,1.2688,1.2635,1.2859,1.2708
1.2387,1.2204,1.2224,1.2599,1.2514,1.2576,1.2647,1.2706,1.2527,1.2384,1.2276,1.2234,1.2106,1.2043,1.1812,1.1870,1.2147,1.2021,1.2009,1.1891,1.2398,1.2419,1.2572,1.2500,1.2780,1.2587
1.2374,1.2158,1.2224,1.2491,1.2469,1.2545,1.264,1.2683,1.2486,1.2367,1.2223,1.2195,1.2088,1.1920,1.1752,1.1840,1.2038,1.1904,1.1990,1.1783,1.2284,1.2392,1.2493,1.2464,1.2685,1.2518
1.227,1.2127,1.2186,1.2423,1.2408,1.2499,1.2548,1.2648,1.248,1.2356,1.2194,1.209,1.2077,1.1919,1.1732,1.1834,1.2036,1.1882,1.1829,1.1748,1.2269,1.2347,1.2461,1.2461,1.2542,1.2476
1.2252,1.2024,1.213,1.2219,1.231,1.2495,1.2425,1.2422,1.2442,1.2341,1.2148,1.2071,1.2033,1.1907,1.1723,1.1754,1.1939,1.1871,1.1825,1.1686,1.2040,1.2340,1.2227,1.2369,1.2540,1.2469
1.2207,1.2022,1.2061,1.2126,1.2219,1.2444,1.2409,1.2364,1.2422,1.2332,1.2143,1.2051,1.1998,1.1825,1.1693,1.1650,1.1900,1.1798,1.1816,1.1581,1.1925,1.2241,1.2148,1.2316,1.2495,1.2462
1.2191,1.202,1.2041,1.2056,1.2164,1.2383,1.2403,1.227,1.2411,1.233,1.2123,1.2025,1.1966,1.1791,1.1692,1.1640,1.1860,1.1756,1.1791,1.1562,1.1741,1.2216,1.2122,1.2140,1.2463,1.2437
1.2078,1.188,1.1927,1.1991,1.2122,1.2294,1.2332,1.2213,1.2267,1.2298,1.2099,1.201,1.1959,1.1791,1.1624,1.1583,1.1791,1.1710,1.1750,1.1495,1.1575,1.2066,1.2114,1.2063,1.2322,1.2372
1.2036,1.1869,1.1905,1.1951,1.2046,1.2278,1.233,1.2162,1.2215,1.2096,1.2038,1.199,1.1958,1.1789,1.1552,1.1567,1.1726,1.1672,1.1706,1.1475,1.1537,1.1954,1.2091,1.2027,1.2072,1.2259
1.1888,1.1841,1.1905,1.1878,1.1973,1.2275,1.2241,1.2033,1.2184,1.1984,1.2028,1.1984,1.1890,1.1770,1.1530,1.1545,1.1700,1.1619,1.1621,1.1443,1.1517,1.1731,1.1991,1.2026,1.1940,1.2061
1.1869,1.1788,1.19,1.1833,1.1903,1.2245,1.2148,1.2018,1.2114,1.1953,1.2001,1.1956,1.1888,1.1727,1.1518,1.1539,1.1691,1.1529,1.1519,1.1418,1.1464,1.1665,1.1847,1.1896,1.1899,1.1926
1.1777,1.1786,1.1848,1.1709,1.1845,1.2178,1.208,1.1963,1.206,1.1916,1.1961,1.1901,1.1827,1.1718,1.1504,1.1535,1.1524,1.1517,1.1484,1.1338,1.1460,1.1664,1.1832,1.1789,1.1897,1.1902
1.1712,1.1735,1.1699,1.1671,1.18,1.1974,1.2065,1.1911,1.2002,1.1865,1.1956,1.1885,1.1825,1.1642,1.1458,1.1529,1.1411,1.1423,1.1470,1.1329,1.1410,1.1449,1.1610,1.1679,1.1822,1.1878
1.1698,1.1679,1.1634,1.1662,1.1782,1.1811,1.1918,1.1846,1.1989,1.1828,1.1924,1.1874,1.1763,1.1629,1.1455,1.1456,1.1386,1.1360,1.1361,1.1329,1.1324,1.1403,1.1405,1.1410,1.1770,1.1772
1.1691,1.1585,1.1583,1.1654,1.1712,1.1792,1.1749,1.1723,1.1953,1.1825,1.1901,1.1778,1.1701,1.1617,1.1415,1.1442,1.1368,1.1304,1.1360,1.1293,1.1314,1.1279,1.1278,1.1360,1.1671,1.1732
1.1364,1.1535,1.1577,1.1636,1.1693,1.1716,1.1712,1.1674,1.1825,1.1815,1.1832,1.1752,1.1671,1.1582,1.1405,1.1416,1.1360,1.1226,1.1231,1.1278,1.1228,1.1128,1.1027,1.1286,1.1391,1.1615
1.1289,1.1518,1.1577,1.1552,1.1616,1.1579,1.1585,1.1659,1.1786,1.1665,1.1775,1.1748,1.1588,1.1503,1.1385,1.1350,1.1358,1.1187,1.1203,1.1176,1.1225,1.1121,1.0987,1.1267,1.1264,1.1445
1.1245,1.1238,1.1463,1.1472,1.1588,1.1579,1.1531,1.1552,1.1691,1.1618,1.1647,1.1724,1.1581,1.1475,1.1338,1.1327,1.1344,1.1167,1.1157,1.1160,1.1187,1.1120,1.0976,1.1179,1.1237,1.1404
1.1232,1.1041,1.1445,1.1421,1.1513,1.1575,1.1456,1.1542,1.1628,1.1594,1.1411,1.1566,1.1579,1.1444,1.1237,1.1312,1.1323,1.1161,1.1066,1.1146,1.1165,1.1045,1.0943,1.1150,1.1220,1.1256
1.119,1.104,1.1155,1.1419,1.1489,1.1469,1.1376,1.151,1.1544,1.1485,1.1404,1.1416,1.1360,1.1409,1.1234,1.1228,1.1288,1.1151,1.1026,1.1027,1.1097,1.1016,1.0927,1.0946,1.1151,1.1254
1.0972,1.0976,1.0974,1.1351,1.1371,1.1427,1.1367,1.1427,1.152,1.1409,1.1397,1.1322,1.1257,1.1406,1.1218,1.1219,1.1287,1.1134,1.1019,1.0953,1.1000,1.0995,1.0922,1.0896,1.1121,1.1208
1.0936,1.0849,1.0877,1.1333,1.126,1.1341,1.1337,1.1421,1.1445,1.1408,1.1357,1.1244,1.1158,1.1402,1.1171,1.1180,1.1273,1.1118,1.0982,1.0942,1.0994,1.0959,1.0893,1.0871,1.1028,1.1058
1.0929,1.0768,1.0783,1.1273,1.1246,1.1293,1.1276,1.1358,1.1399,1.1348,1.1344,1.1203,1.1143,1.1379,1.1131,1.1124,1.1262,1.1101,1.0973,1.0931,1.0993,1.0851,1.0847,1.0780,1.0868,1.0947
1.0659,1.0659,1.0761,1.1012,1.1207,1.1137,1.1233,1.1349,1.1364,1.1218,1.1338,1.1151,1.1139,1.1193,1.1128,1.1064,1.1157,1.1065,1.0963,1.0850,1.0982,1.0831,1.0832,1.0741,1.0814,1.0940
1.0657,1.0577,1.0754,1.0995,1.1167,1.1129,1.1221,1.1266,1.1354,1.1164,1.1251,1.1069,1.0996,1.1188,1.1041,1.1058,1.1083,1.0889,1.0953,1.0838,1.0940,1.0815,1.0765,1.0715,1.0763,1.0905
1.0601,1.05,1.0675,1.0662,1.1131,1.0962,1.1126,1.1248,1.1286,1.1157,1.1161,1.1035,1.0987,1.1041,1.0932,1.1002,1.0948,1.0839,1.0942,1.0820,1.0919,1.0806,1.0752,1.0690,1.0750,1.0877
1.0597,1.0427,1.0644,1.0574,1.1031,1.0866,1.1097,1.1156,1.1254,1.1101,1.1012,1.0976,1.0964,1.0938,1.0761,1.0992,1.0871,1.0788,1.0928,1.0804,1.0878,1.0799,1.0737,1.0598,1.0715,1.0855
1.0555,1.0397,1.0562,1.0539,1.0894,1.0802,1.0903,1.1091,1.1179,1.1097,1.0982,1.0976,1.0961,1.0794,1.0718,1.0954,1.0768,1.0744,1.0730,1.0794,1.0845,1.0796,1.0694,1.0552,1.0637,1.0714
1.052,1.0273,1.0543,1.0524,1.0864,1.0778,1.0887,1.105,1.115,1.0985,1.0964,1.0956,1.0944,1.0788,1.0618,1.0861,1.0763,1.0732,1.0704,1.0785,1.0821,1.0782,1.0616,1.0510,1.0609,1.0656
1.0506,1.0238,1.0341,1.0503,1.0782,1.0769,1.0839,1.0917,1.1132,1.0911,1.0959,1.0945,1.0919,1.0777,1.0600,1.0752,1.0761,1.0547,1.0545,1.0765,1.0775,1.0725,1.0615,1.0497,1.0590,1.0619
1.0187,1.007,1.0288,1.0498,1.0714,1.0758,1.083,1.0913,1.1126,1.0905,1.0909,1.0761,1.0831,1.0769,1.0590,1.0706,1.0708,1.0514,1.0511,1.0694,1.0609,1.0690,1.0613,1.0465,1.0463,1.0607
1.018,1.0044,1.0282,1.0419,1.0602,1.0693,1.0818,1.09,1.09,1.0898,1.0898,1.0719,1.0728,1.0745,1.0580,1.0657,1.0669,1.0488,1.0391,1.0648,1.0606,1.0675,1.0601,1.0460,1.0410,1.0526
1.0171,1.0036,1.0261,1.0329,1.0563,1.0531,1.0787,1.0776,1.0859,1.0823,1.0799,1.07,1.0682,1.0686,1.0502,1.0565,1.0610,1.0367,1.0282,1.0621,1.0591,1.0665,1.0573,1.0456,1.0392,1.0523
1.0127,0.9996,1.0136,1.0311,1.0498,1.0458,1.0769,1.0672,1.0767,1.0812,1.0716,1.0699,1.0600,1.0623,1.0404,1.0458,1.0590,1.0324,1.0262,1.0620,1.0538,1.0659,1.0571,1.0452,1.0364,1.0502
1.0127,0.9956,1.0115,1.0216,1.0296,1.0367,1.0382,1.0611,1.0704,1.0762,1.0687,1.069,1.0564,1.0512,1.0295,1.0396,1.0514,1.0321,1.0216,1.0609,1.0501,1.0655,1.0517,1.0445,1.0336,1.0473
1.0087,0.9941,1.0071,1.0182,1.0292,1.0357,1.0354,1.0605,1.0682,1.0668,1.0655,1.0634,1.0514,1.0380,1.0265,1.0368,1.0381,1.0316,1.0156,1.0356,1.0492,1.0651,1.0509,1.0441,1.0313,1.0462
0.9975,0.9808,1.0036,1.0179,1.0185,1.0093,1.0268,1.0469,1.0538,1.0621,1.061,1.0621,1.0415,1.0367,1.0169,1.0305,1.0265,1.0312,1.0081,1.0247,1.0466,1.0651,1.0498,1.0437,1.0277,1.0455
0.9971,0.9762,1.0026,1.0096,1.0114,1.0082,1.0247,1.0468,1.0442,1.0501,1.054,1.0508,1.0317,1.0328,1.0149,1.0263,1.0253,1.0228,1.0041,1.0237,1.0423,1.0559,1.0483,1.0437,1.0273,1.0344
0.9931,0.9753,1.0013,1.0067,1.0065,0.9977,1.0238,1.0348,1.0392,1.0448,1.0512,1.0318,1.0291,1.0272,1.0142,1.0260,1.0251,1.0136,1.0039,1.0061,1.0364,1.0551,1.0479,1.0392,1.0242,1.0275
0.9877,0.9631,0.9963,1.0039,1.0022,0.995,1.0238,1.0249,1.0353,1.0308,1.0219,1.0307,1.0286,1.0193,1.0100,1.0184,1.0216,1.0112,1.0014,0.9999,1.0320,1.0491,1.0427,1.0389,1.0226,1.0267
0.9802,0.9627,0.9749,0.996,0.9963,0.9946,1.0147,1.0193,1.0302,1.0301,1.0172,1.0238,1.0272,1.0108,0.9977,1.0150,1.0192,1.0087,1.0008,0.9999,1.0286,1.0404,1.0406,1.0380,1.0221,1.0223
0.9798,0.96,0.9685,0.9957,0.993,0.9917,1.0065,1.0157,1.024,1.0239,1.0128,1.0206,1.0214,1.0096,0.9943,1.0136,1.0108,1.0086,0.9902,0.9956,1.0161,1.0383,1.0386,1.0298,1.0121,1.0109
0.9721,0.9537,0.9604,0.9782,0.9896,0.9914,0.9855,1.0102,1.0229,1.0178,1.0125,1.0081,1.0096,1.0072,0.9899,1.0091,1.0083,0.9978,0.9803,0.9934,1.0128,1.0237,1.0370,1.0260,1.0112,1.0105
0.972,0.9536,0.9532,0.9757,0.9838,0.9841,0.9835,0.9966,1.0228,1.0134,1.0068,1.0037,0.9988,0.9896,0.9792,1.0079,1.0036,0.9950,0.9800,0.9893,1.0102,1.0217,1.0325,1.0240,1.0042,1.0098
0.967,0.9508,0.9522,0.975,0.9805,0.9835,0.9774,0.9805,1.0144,1.0116,1.0021,1.0019,0.9933,0.9873,0.9744,1.0067,0.9986,0.9937,0.9764,0.9875,1.0038,1.0208,1.0245,1.0197,1.0022,1.0072
0.9636,0.947,0.9518,0.9743,0.9698,0.9765,0.9741,0.9752,1.0014,1.0109,0.999,0.9921,0.9910,0.9863,0.9691,0.9965,0.9933,0.9896,0.9734,0.9833,0.9948,1.0175,1.0225,1.0159,1.0007,1.0065
0.963,0.9465,0.9487,0.9665,0.9608,0.9649,0.9692,0.9725,0.9907,1.0001,0.9987,0.9889,0.9902,0.9839,0.9689,0.9942,0.9904,0.9815,0.9697,0.9820,0.9902,1.0172,1.0222,1.0054,0.9947,0.9968
0.9625,0.9465,0.9436,0.9655,0.9562,0.9632,0.963,0.9713,0.963,0.9899,0.9965,0.9859,0.9855,0.9800,0.9671,0.9814,0.9899,0.9773,0.9683,0.9787,0.9891,1.0103,1.0133,1.0029,0.9901,0.9870
0.9592,0.9441,0.9354,0.949,0.956,0.9623,0.9599,0.9707,0.9621,0.9884,0.9949,0.9753,0.9757,0.9773,0.9652,0.9813,0.9862,0.9744,0.9643,0.9684,0.9882,1.0051,1.0009,1.0015,0.9880,0.9859
0.9385,0.9335,0.9352,0.9457,0.9538,0.9544,0.949,0.9687,0.958,0.9754,0.9911,0.9752,0.9745,0.9767,0.9644,0.9764,0.9823,0.9663,0.9539,0.9669,0.9875,0.9921,0.9870,0.9970,0.9873,0.9856
0.9352,0.923,0.9298,0.9268,0.9429,0.9394,0.9387,0.9568,0.9575,0.949,0.9601,0.9749,0.9730,0.9749,0.9631,0.9761,0.9781,0.9653,0.9517,0.9579,0.9746,0.9892,0.9847,0.9896,0.9807,0.9841
0.9348,0.9213,0.9212,0.9262,0.934,0.9319,0.9349,0.95,0.9516,0.9446,0.9554,0.9588,0.9600,0.9624,0.9492,0.9751,0.9761,0.9646,0.9509,0.9520,0.9718,0.9804,0.9827,0.9848,0.9791,0.9802
0.9297,0.9107,0.9194,0.9256,0.9311,0.9289,0.9344,0.9434,0.9395,0.9425,0.9456,0.957,0.9587,0.9425,0.9391,0.9721,0.9683,0.9613,0.9430,0.9513,0.9708,0.9746,0.9810,0.9842,0.9786,0.9787
0.9213,0.9066,0.9159,0.9179,0.9286,0.927,0.9265,0.942,0.9307,0.9297,0.9363,0.9529,0.9573,0.9420,0.9389,0.9591,0.9666,0.9580,0.9427,0.9465,0.9691,0.9725,0.9793,0.9824,0.9722,0.9717
0.9205,0.9063,0.9102,0.9171,0.9252,0.9224,0.9242,0.9384,0.9261,0.9234,0.9313,0.951,0.9516,0.9413,0.9366,0.9591,0.9651,0.9552,0.9416,0.9444,0.9672,0.9708,0.9777,0.9811,0.9702,0.9706
0.92,0.9055,0.9079,0.9155,0.9182,0.9204,0.9119,0.9357,0.9258,0.9186,0.9305,0.949,0.9474,0.9359,0.9276,0.9533,0.9620,0.9474,0.9403,0.9439,0.9574,0.9690,0.9654,0.9758,0.9662,0.9694
0.9128,0.9046,0.9056,0.9122,0.9133,0.9165,0.9108,0.9312,0.9257,0.9157,0.9121,0.9484,0.9391,0.9288,0.9262,0.9359,0.9613,0.9466,0.9329,0.9318,0.9533,0.9583,0.9609,0.9623,0.9622,0.9683
0.9127,0.9026,0.9042,0.9035,0.9043,0.9128,0.9072,0.929,0.921,0.9115,0.9085,0.9449,0.9378,0.9247,0.9155,0.9224,0.9491,0.9366,0.9313,0.9281,0.9521,0.9574,0.9543,0.9504,0.9593,0.9679
0.9117,0.8978,0.9005,0.8973,0.9029,0.9126,0.9012,0.9168,0.9162,0.9088,0.9082,0.9296,0.9296,0.9143,0.9000,0.9139,0.9434,0.9299,0.9235,0.9254,0.9505,0.9554,0.9501,0.9504,0.9584,0.9601
0.9116,0.8966,0.8976,0.8921,0.9012,0.9068,0.9009,0.9056,0.916,0.9078,0.9081,0.918,0.9236,0.9118,0.8991,0.9106,0.9418,0.9278,0.9181,0.9205,0.9501,0.9537,0.9444,0.9503,0.9580,0.9576
0.9072,0.8938,0.8975,0.8905,0.8988,0.9055,0.8967,0.9038,0.9028,0.9034,0.9078,0.9168,0.9224,0.9092,0.8990,0.9100,0.9414,0.9238,0.9119,0.9194,0.9444,0.9507,0.9438,0.9484,0.9474,0.9570
0.893,0.8918,0.8929,0.8896,0.893,0.9021,0.8966,0.9018,0.8966,0.8879,0.9017,0.8938,0.9194,0.9087,0.8951,0.9022,0.9226,0.9179,0.9061,0.9191,0.9377,0.9429,0.9418,0.9468,0.9419,0.9499
0.8926,0.8918,0.8923,0.888,0.8883,0.8868,0.8951,0.8986,0.8905,0.8812,0.8928,0.8931,0.9172,0.9048,0.8939,0.8992,0.9210,0.9108,0.9055,0.9185,0.9230,0.9384,0.9399,0.9446,0.9352,0.9488
0.8896,0.8896,0.8913,0.8794,0.8844,0.8802,0.8818,0.8891,0.89,0.8795,0.8921,0.8884,0.9157,0.9000,0.8856,0.8939,0.9059,0.9094,0.9002,0.9182,0.9152,0.9290,0.9397,0.9334,0.9228,0.9486
0.8887,0.8802,0.8901,0.8793,0.8791,0.8767,0.8772,0.885,0.8864,0.8792,0.8912,0.8876,0.9038,0.8867,0.8697,0.8889,0.8948,0.9083,0.8962,0.9101,0.9098,0.9268,0.9268,0.9295,0.9144,0.9214
0.8881,0.876,0.8825,0.8771,0.8656,0.8716,0.8587,0.882,0.8846,0.8768,0.8906,0.8847,0.8898,0.8726,0.8603,0.8882,0.8937,0.8791,0.8729,0.9097,0.9012,0.9232,0.9246,0.9288,0.9143,0.9205
0.8796,0.8721,0.8817,0.8762,0.8641,0.8687,0.8582,0.8802,0.8775,0.8742,0.8898,0.8837,0.8780,0.8629,0.8530,0.8712,0.8884,0.8762,0.8690,0.9062,0.8991,0.9044,0.9163,0.9262,0.9082,0.9199
0.8772,0.8676,0.8808,0.8714,0.8594,0.8684,0.8581,0.8784,0.8767,0.8692,0.888,0.8778,0.8725,0.8611,0.8477,0.8531,0.8787,0.8757,0.8634,0.8959,0.8954,0.9007,0.9126,0.9239,0.9031,0.9180
0.876,0.8652,0.8753,0.8697,0.8587,0.8533,0.8575,0.8719,0.8687,0.8601,0.8874,0.876,0.8677,0.8534,0.8343,0.8526,0.8758,0.8649,0.8632,0.8930,0.8943,0.8979,0.9116,0.9169,0.8980,0.9059
0.8685,0.8643,0.8694,0.8696,0.8584,0.8506,0.8552,0.8658,0.8673,0.8568,0.8683,0.8743,0.8658,0.8507,0.8338,0.8506,0.8679,0.8640,0.8522,0.8915,0.8942,0.8916,0.9082,0.9056,0.8903,0.9025
0.8628,0.8614,0.8636,0.8668,0.8576,0.8499,0.8488,0.864,0.8627,0.8527,0.8674,0.8741,0.8608,0.8461,0.8313,0.8480,0.8565,0.8636,0.8490,0.8829,0.8890,0.8866,0.9058,0.8990,0.8876,0.9021
0.8597,0.8587,0.8615,0.8663,0.8531,0.8477,0.8473,0.862,0.8545,0.8519,0.862,0.8719,0.8569,0.8399,0.8297,0.8451,0.8514,0.8550,0.8485,0.8661,0.8874,0.8852,0.9045,0.8978,0.8855,0.9005
0.8549,0.8459,0.8593,0.8556,0.851,0.8467,0.8387,0.8512,0.8534,0.8495,0.8538,0.8717,0.8557,0.8396,0.8273,0.8334,0.8384,0.8525,0.8459,0.8624,0.8860,0.8824,0.8947,0.8960,0.8818,0.8949
0.8543,0.843,0.8543,0.8538,0.8448,0.845,0.8361,0.8458,0.8471,0.849,0.8503,0.8667,0.8537,0.8391,0.8265,0.8203,0.8370,0.8477,0.8433,0.8594,0.8744,0.8777,0.8835,0.8939,0.8809,0.8924
0.8494,0.8368,0.8539,0.851,0.844,0.8388,0.8358,0.8438,0.8462,0.8479,0.8464,0.858,0.8533,0.8375,0.8239,0.8187,0.8354,0.8419,0.8418,0.8588,0.8697,0.8775,0.8723,0.8892,0.8776,0.8895
0.8492,0.834,0.8533,0.8478,0.8426,0.8343,0.8346,0.8427,0.8327,0.8431,0.8383,0.8524,0.8485,0.8363,0.8234,0.8184,0.8315,0.8290,0.8354,0.8564,0.8658,0.8733,0.8705,0.8850,0.8738,0.8834
0.839,0.8337,0.8482,0.8472,0.8418,0.8342,0.833,0.842,0.8284,0.8284,0.8375,0.8498,0.8346,0.8357,0.8176,0.8168,0.8254,0.8261,0.8312,0.8536,0.8455,0.8693,0.8676,0.8727,0.8702,0.8833
0.838,0.8138,0.8447,0.847,0.8415,0.833,0.8244,0.8355,0.8267,0.8278,0.8362,0.8444,0.8320,0.8266,0.8171,0.8165,0.8197,0.8233,0.8268,0.8503,0.8434,0.8602,0.8629,0.8644,0.8639,0.8823
0.8331,0.812,0.8405,0.836,0.8401,0.8311,0.8225,0.8348,0.8243,0.8197,0.8361,0.8398,0.8209,0.8228,0.8110,0.8153,0.8109,0.8183,0.8210,0.8497,0.8399,0.8572,0.8618,0.8636,0.8595,0.8701
0.8183,0.8107,0.8294,0.8306,0.8325,0.8309,0.8183,0.8324,0.8236,0.8194,0.8352,0.8261,0.8201,0.8195,0.8074,0.8131,0.8102,0.8183,0.8184,0.8377,0.8380,0.8552,0.8611,0.8600,0.8592,0.8674
0.8155,0.8065,0.8232,0.8226,0.824,0.8308,0.8162,0.8273,0.8234,0.8155,0.8317,0.823,0.8188,0.8087,0.8064,0.8089,0.8058,0.8117,0.8140,0.8374,0.8371,0.8451,0.8564,0.8563,0.8563,0.8649
0.8139,0.8047,0.8184,0.8177,0.8084,0.8281,0.8142,0.8243,0.8205,0.8148,0.8259,0.8203,0.8174,0.8049,0.8027,0.8012,0.8057,0.8062,0.8134,0.8334,0.8323,0.8304,0.8543,0.8527,0.8509,0.8627
0.8135,0.8044,0.816,0.8167,0.8026,0.8233,0.8093,0.8187,0.8164,0.8112,0.82,0.8184,0.8145,0.8030,0.7975,0.7996,0.8030,0.8042,0.8006,0.8147,0.8280,0.8296,0.8528,0.8448,0.8443,0.8609
0.8067,0.7948,0.8037,0.8034,0.8023,0.8205,0.8072,0.8146,0.8093,0.8107,0.819,0.8124,0.8098,0.8020,0.7916,0.7982,0.7997,0.8015,0.7980,0.8090,0.8263,0.8285,0.8513,0.8436,0.8435,0.8581
0.8047,0.7945,0.7993,0.8034,0.7985,0.818,0.8017,0.8108,0.8044,0.8105,0.8106,0.8109,0.8090,0.8003,0.7911,0.7963,0.7994,0.7972,0.7921,0.8041,0.8257,0.8264,0.8419,0.8385,0.8334,0.8575
0.8015,0.7922,0.7934,0.802,0.7946,0.8051,0.8007,0.806,0.8024,0.8085,0.8035,0.8063,0.7980,0.7976,0.7862,0.7961,0.7983,0.7928,0.7897,0.8017,0.8241,0.8250,0.8415,0.8363,0.8302,0.8562
0.8012,0.7905,0.7922,0.7954,0.7929,0.7969,0.7992,0.8052,0.8023,0.8035,0.7987,0.8047,0.7952,0.7966,0.7834,0.7934,0.7876,0.7926,0.7887,0.8016,0.8182,0.8241,0.8276,0.8350,0.8295,0.8543
0.8,0.7901,0.7913,0.7929,0.788,0.792,0.7899,0.7957,0.7962,0.8033,0.7967,0.7929,0.7927,0.7884,0.7832,0.7859,0.7842,0.7869,0.7813,0.7995,0.8068,0.8206,0.8259,0.8334,0.8291,0.8327
0.7981,0.7897,0.79,0.7911,0.7875,0.7844,0.7887,0.7827,0.7936,0.7939,0.7947,0.7922,0.7903,0.7851,0.7748,0.7816,0.7811,0.7820,0.7807,0.7933,0.7932,0.8140,0.8206,0.8275,0.8264,0.8284
0.7903,0.7877,0.7871,0.7823,0.7871,0.7819,0.788,0.7822,0.7771,0.79,0.7931,0.7901,0.7860,0.7790,0.7710,0.7797,0.7804,0.7747,0.7799,0.7830,0.7864,0.8105,0.8174,0.8270,0.8260,0.8255
0.789,0.7844,0.7829,0.7798,0.7835,0.7811,0.7837,0.7799,0.7699,0.7871,0.7902,0.7882,0.7840,0.7725,0.7593,0.7775,0.7797,0.7734,0.7782,0.7733,0.7843,0.8031,0.8161,0.8224,0.8249,0.8239
0.7867,0.783,0.7788,0.772,0.783,0.7796,0.7816,0.7736,0.7688,0.7861,0.7896,0.7854,0.7814,0.7696,0.7583,0.7768,0.7684,0.7733,0.7649,0.7685,0.7787,0.8021,0.8143,0.8209,0.8134,0.8212
0.7865,0.7772,0.7781,0.771,0.7723,0.7759,0.7804,0.7709,0.7681,0.772,0.7858,0.7829,0.7809,0.7692,0.7565,0.7748,0.7678,0.7717,0.7614,0.7674,0.7732,0.8021,0.8116,0.8162,0.8087,0.8145
0.7857,0.7749,0.7763,0.7701,0.7714,0.7731,0.7746,0.7663,0.7636,0.7719,0.7836,0.7808,0.7776,0.7691,0.7560,0.7743,0.7658,0.7707,0.7612,0.7667,0.7696,0.7980,0.8100,0.8151,0.8066,0.8144
0.7793,0.7725,0.7762,0.767,0.7712,0.7731,0.7661,0.7654,0.7595,0.7687,0.7834,0.7778,0.7701,0.7687,0.7548,0.7661,0.7640,0.7702,0.7609,0.7654,0.7663,0.7959,0.8023,0.8096,0.8043,0.8139
0.7788,0.7679,0.775,0.7668,0.7711,0.7726,0.7637,0.7649,0.7538,0.7608,0.7833,0.7775,0.7660,0.7670,0.7531,0.7643,0.7635,0.7681,0.7587,0.7643,0.7656,0.7944,0.7968,0.8044,0.7977,0.8067
0.7788,0.7677,0.7719,0.7653,0.7592,0.77,0.7593,0.7607,0.7505,0.76,0.7781,0.7771,0.7645,0.7615,0.7523,0.7469,0.7514,0.7521,0.7563,0.7574,0.7618,0.7851,0.7966,0.8023,0.7952,0.7999
0.7786,0.7676,0.7689,0.7622,0.7588,0.7691,0.758,0.7576,0.7496,0.7598,0.769,0.7745,0.7623,0.7601,0.7511,0.7459,0.7496,0.7514,0.7551,0.7566,0.7547,0.7848,0.7931,0.7967,0.7910,0.7994
0.7717,0.7624,0.7665,0.762,0.7575,0.7647,0.7579,0.756,0.7408,0.7572,0.7683,0.7728,0.7610,0.7578,0.7454,0.7443,0.7487,0.7500,0.7434,0.7563,0.7474,0.7761,0.7880,0.7947,0.7888,0.7989
0.7696,0.7622,0.7652,0.7604,0.7544,0.7642,0.7571,0.7544,0.7407,0.7538,0.7655,0.769,0.7602,0.7560,0.7446,0.7438,0.7475,0.7467,0.7406,0.7546,0.7454,0.7727,0.7861,0.7940,0.7835,0.7965
0.7679,0.7617,0.7595,0.7533,0.7515,0.7602,0.7529,0.7515,0.7363,0.7524,0.7648,0.7645,0.7600,0.7545,0.7423,0.7432,0.7473,0.7424,0.7352,0.7540,0.7449,0.7662,0.7812,0.7918,0.7789,0.7902
0.7645,0.7599,0.7558,0.7507,0.7513,0.7565,0.7522,0.7512,0.7354,0.7465,0.7539,0.7606,0.7575,0.7541,0.7419,0.7412,0.7418,0.7395,0.7342,0.7507,0.7423,0.7652,0.7774,0.7906,0.7777,0.7831
0.7621,0.7552,0.7526,0.7431,0.7489,0.7539,0.7521,0.75,0.7327,0.7378,0.7498,0.7591,0.7571,0.7518,0.7416,0.7371,0.7375,0.7384,0.7318,0.7465,0.7401,0.7621,0.7765,0.7773,0.7734,0.7817
0.7606,0.7487,0.7501,0.7427,0.7475,0.7519,0.7493,0.7441,0.7314,0.7367,0.7458,0.7555,0.7528,0.7510,0.7413,0.7344,0.7356,0.7345,0.7292,0.7429,0.7397,0.7596,0.7723,0.7764,0.7713,0.7810
0.7598,0.7483,0.7495,0.7425,0.7475,0.7516,0.7491,0.7396,0.7311,0.7341,0.7433,0.7554,0.7487,0.7491,0.7400,0.7339,0.7354,0.7307,0.7255,0.7425,0.7395,0.7593,0.7652,0.7729,0.7643,0.7784
0.7581,0.7473,0.746,0.7405,0.7398,0.7505,0.7452,0.7395,0.7299,0.7315,0.7402,0.7398,0.7482,0.7464,0.7389,0.7336,0.7348,0.7299,0.7239,0.7410,0.7376,0.7541,0.7539,0.7671,0.7610,0.7673
0.7566,0.7464,0.736,0.7391,0.738,0.7482,0.745,0.7381,0.7298,0.724,0.7366,0.7386,0.7463,0.7452,0.7370,0.7326,0.7338,0.7263,0.7223,0.7374,0.7344,0.7536,0.7495,0.7555,0.7597,0.7633
0.7552,0.7447,0.7354,0.7368,0.7369,0.7473,0.7428,0.7381,0.7283,0.7238,0.7358,0.7351,0.7460,0.7448,0.7329,0.7307,0.7338,0.7263,0.7214,0.7283,0.7331,0.7511,0.7483,0.7550,0.7595,0.7622
0.7546,0.7417,0.7313,0.7353,0.7335,0.7378,0.74,0.7353,0.7276,0.7235,0.7357,0.7279,0.7445,0.7387,0.7322,0.7305,0.7273,0.7248,0.7189,0.7237,0.7313,0.7409,0.7479,0.7527,0.7582,0.7601
0.7507,0.7409,0.7279,0.7297,0.7327,0.7329,0.7389,0.7343,0.727,0.718,0.7336,0.7269,0.7364,0.7340,0.7233,0.7293,0.7264,0.7243,0.7180,0.7196,0.7304,0.7383,0.7454,0.7517,0.7581,0.7572
0.7492,0.7399,0.7277,0.7256,0.7309,0.7294,0.7364,0.7323,0.723,0.7174,0.7241,0.7244,0.7297,0.7323,0.7198,0.7291,0.7230,0.7239,0.7174,0.7150,0.7298,0.7296,0.7355,0.7481,0.7558,0.7522
0.7488,0.7369,0.7253,0.7239,0.7302,0.7278,0.7354,0.7295,0.7228,0.7172,0.7234,0.7231,0.7259,0.7317,0.7163,0.7249,0.7202,0.7201,0.7139,0.7135,0.7272,0.7284,0.7292,0.7371,0.7505,0.7516
0.7431,0.7332,0.725,0.7208,0.7287,0.7254,0.7314,0.7293,0.7224,0.7149,0.7219,0.7179,0.7199,0.7294,0.7118,0.7244,0.7189,0.7157,0.7131,0.7132,0.7210,0.7271,0.7191,0.7364,0.7488,0.7514
0.7412,0.7296,0.7238,0.7145,0.7283,0.7245,0.7314,0.7292,0.7221,0.7144,0.7211,0.7164,0.7174,0.7229,0.7106,0.7223,0.7178,0.7137,0.7126,0.7126,0.7156,0.7264,0.7190,0.7246,0.7461,0.7455
0.7402,0.7268,0.7234,0.7132,0.726,0.7239,0.7304,0.7261,0.7202,0.7126,0.7192,0.7149,0.7105,0.7197,0.7101,0.7196,0.7137,0.7120,0.7126,0.7109,0.7155,0.7247,0.7162,0.7237,0.7393,0.7433
0.7388,0.7252,0.713,0.711,0.7222,0.7233,0.7296,0.7259,0.7201,0.7109,0.7187,0.7129,0.7069,0.7135,0.7101,0.7195,0.7110,0.7094,0.7103,0.7102,0.7091,0.7246,0.7159,0.7204,0.7268,0.7416
0.7378,0.7245,0.7111,0.7065,0.7178,0.7206,0.7218,0.7257,0.7189,0.7104,0.7181,0.7123,0.7063,0.7122,0.7097,0.7147,0.7097,0.7003,0.7060,0.7096,0.7033,0.7242,0.7151,0.7201,0.7259,0.7343
0.7341,0.7184,0.709,0.7063,0.7165,0.7204,0.72,0.7251,0.7188,0.7084,0.715,0.7121,0.7061,0.7119,0.7040,0.7145,0.7097,0.6993,0.7025,0.7071,0.7029,0.7222,0.7116,0.7141,0.7226,0.7329
0.7341,0.7183,0.7012,0.7061,0.715,0.7182,0.7179,0.7235,0.7178,0.706,0.7107,0.7079,0.7037,0.7077,0.7032,0.7101,0.7070,0.6982,0.6999,0.7061,0.7028,0.7213,0.7110,0.7115,0.7185,0.7271
0.7304,0.7174,0.7011,0.7053,0.7133,0.7178,0.7159,0.7215,0.7161,0.7052,0.7069,0.7075,0.7027,0.7063,0.7028,0.7025,0.7069,0.6955,0.6973,0.7029,0.6986,0.7210,0.7045,0.7091,0.7131,0.7214
0.7299,0.7162,0.6995,0.7045,0.7013,0.7131,0.7144,0.7197,0.7159,0.7025,0.7064,0.7066,0.7022,0.6987,0.7024,0.7002,0.7052,0.6950,0.6926,0.7014,0.6942,0.7135,0.7032,0.7086,0.7127,0.7208
0.7267,0.7143,0.6991,0.6981,0.7009,0.7106,0.7142,0.715,0.7128,0.7012,0.7063,0.7033,0.6982,0.6979,0.6989,0.6996,0.7014,0.6943,0.6859,0.7012,0.6934,0.7115,0.6998,0.7078,0.7002,0.7130
0.7181,0.7056,0.699,0.6959,0.6987,0.7098,0.7107,0.7142,0.7122,0.6997,0.7052,0.7025,0.6954,0.6933,0.6911,0.6985,0.6896,0.6930,0.6832,0.7009,0.6927,0.7114,0.6980,0.7064,0.6998,0.7113
0.7159,0.7048,0.6987,0.6909,0.6974,0.709,0.7091,0.7102,0.7116,0.699,0.7015,0.7001,0.6951,0.6931,0.6854,0.6974,0.6877,0.6803,0.6816,0.6825,0.6897,0.7085,0.6971,0.7047,0.6994,0.7110
0.7146,0.696,0.6938,0.6904,0.6936,0.7089,0.7079,0.708,0.7085,0.6984,0.6983,0.7,0.6940,0.6899,0.6840,0.6932,0.6873,0.6795,0.6771,0.6820,0.6893,0.7077,0.6966,0.7035,0.6981,0.7086
0.7121,0.6956,0.6937,0.6895,0.6926,0.704,0.7075,0.7074,0.7068,0.6975,0.6979,0.6957,0.6938,0.6895,0.6829,0.6893,0.6856,0.6778,0.6767,0.6808,0.6876,0.7074,0.6961,0.7022,0.6955,0.6982
0.7021,0.6954,0.6925,0.6865,0.686,0.7037,0.7066,0.7048,0.7066,0.6972,0.6917,0.6922,0.6933,0.6846,0.6815,0.6866,0.6850,0.6766,0.6690,0.6789,0.6856,0.7035,0.6944,0.6995,0.6936,0.6950
0.7008,0.6936,0.6891,0.6858,0.6844,0.6962,0.7008,0.703,0.7015,0.6957,0.6915,0.6875,0.6927,0.6842,0.6788,0.6848,0.6836,0.6763,0.6687,0.6767,0.6848,0.7030,0.6936,0.6981,0.6934,0.6923
0.7,0.6935,0.6891,0.6831,0.6785,0.6903,0.6994,0.7007,0.7014,0.6952,0.6905,0.6851,0.6898,0.6822,0.6757,0.6830,0.6812,0.6746,0.6678,0.6762,0.6799,0.7023,0.6915,0.6977,0.6913,0.6909
0.6985,0.6902,0.6862,0.6826,0.6757,0.6902,0.6974,0.6974,0.6967,0.6934,0.6896,0.6839,0.6879,0.6802,0.6720,0.6769,0.6768,0.6740,0.6676,0.6714,0.6759,0.7000,0.6886,0.6916,0.6892,0.6897
0.6915,0.6866,0.6852,0.6823,0.6751,0.6894,0.6958,0.6965,0.6957,0.6931,0.6878,0.6784,0.6856,0.6789,0.6694,0.6747,0.6765,0.6726,0.6653,0.6686,0.6746,0.6927,0.6853,0.6864,0.6892,0.6895
0.6882,0.6841,0.6839,0.6821,0.6709,0.6864,0.694,0.6897,0.6953,0.6921,0.6878,0.678,0.6849,0.6741,0.6663,0.6731,0.6744,0.6722,0.6648,0.6682,0.6727,0.6925,0.6835,0.6832,0.6874,0.6874
0.6881,0.681,0.682,0.6755,0.6675,0.6827,0.6929,0.6841,0.6948,0.6889,0.686,0.6759,0.6829,0.6740,0.6655,0.6724,0.6738,0.6716,0.6642,0.6666,0.6720,0.6844,0.6821,0.6821,0.6844,0.6817
0.6866,0.6804,0.6819,0.6737,0.6664,0.6808,0.6827,0.6825,0.6908,0.688,0.6855,0.6747,0.6829,0.6736,0.6642,0.6708,0.6737,0.6653,0.6637,0.6599,0.6717,0.6823,0.6718,0.6790,0.6785,0.6810
0.6858,0.6765,0.6783,0.6735,0.6654,0.6787,0.6801,0.6799,0.688,0.6871,0.6845,0.674,0.6818,0.6728,0.6634,0.6672,0.6723,0.6641,0.6584,0.6574,0.6713,0.6787,0.6704,0.6775,0.6727,0.6785
0.6825,0.6765,0.6774,0.6726,0.6649,0.6727,0.679,0.6747,0.687,0.6857,0.6783,0.672,0.6725,0.6725,0.6627,0.6628,0.6715,0.6641,0.6579,0.6572,0.6666,0.6781,0.6672,0.6756,0.6718,0.6767
0.6731,0.6753,0.675,0.6697,0.6646,0.6683,0.6785,0.67,0.6854,0.6847,0.6761,0.6706,0.6722,0.6688,0.6571,0.6546,0.6698,0.6629,0.6562,0.6552,0.6633,0.6776,0.6664,0.6717,0.6705,0.6759
0.6699,0.6679,0.6706,0.6695,0.6631,0.668,0.6766,0.6698,0.6839,0.6833,0.6746,0.6694,0.6665,0.6594,0.6561,0.6546,0.6648,0.6627,0.6560,0.6549,0.6579,0.6767,0.6658,0.6672,0.6692,0.6705
0.6633,0.6564,0.6664,0.6665,0.6627,0.6669,0.6754,0.6674,0.682,0.6802,0.6711,0.6666,0.6641,0.6585,0.6543,0.6526,0.6647,0.6571,0.6520,0.6542,0.6566,0.6742,0.6619,0.6664,0.6684,0.6679
0.662,0.6537,0.6664,0.6654,0.6621,0.6628,0.6717,0.6664,0.6734,0.6762,0.6698,0.665,0.6634,0.6537,0.6514,0.6526,0.6602,0.6563,0.6516,0.6521,0.6556,0.6681,0.6594,0.6653,0.6631,0.6649
0.6615,0.6511,0.6626,0.6627,0.6575,0.6595,0.6657,0.6664,0.672,0.6743,0.6655,0.6645,0.6609,0.6522,0.6466,0.6440,0.6587,0.6502,0.6509,0.6517,0.6533,0.6671,0.6583,0.6649,0.6583,0.6604
0.6602,0.6467,0.6624,0.6602,0.6513,0.6579,0.6618,0.6635,0.672,0.6728,0.6644,0.664,0.6605,0.6521,0.6445,0.6339,0.6477,0.6496,0.6486,0.6492,0.6529,0.6657,0.6564,0.6627,0.6582,0.6590
0.6596,0.645,0.6581,0.657,0.6505,0.6574,0.6582,0.6608,0.6692,0.6712,0.6633,0.6582,0.6583,0.6516,0.6440,0.6334,0.6427,0.6338,0.6407,0.6472,0.6527,0.6635,0.6547,0.6588,0.6580,0.6562
0.6578,0.6442,0.6531,0.6564,0.6492,0.6571,0.658,0.6604,0.6664,0.6679,0.6618,0.6546,0.6582,0.6511,0.6427,0.6323,0.6421,0.6325,0.6348,0.6471,0.6493,0.6628,0.6541,0.6546,0.6558,0.6538
0.6548,0.6413,0.6495,0.6563,0.6467,0.6571,0.6577,0.6579,0.663,0.6614,0.6576,0.6543,0.6570,0.6475,0.6413,0.6309,0.6418,0.6317,0.6250,0.6418,0.6458,0.6623,0.6530,0.6542,0.6495,0.6533
0.6508,0.6398,0.647,0.6534,0.6439,0.6559,0.6571,0.651,0.6575,0.66,0.6555,0.6532,0.6481,0.6445,0.6409,0.6305,0.6371,0.6311,0.6212,0.6408,0.6426,0.6607,0.6518,0.6521,0.6442,0.6519
0.6503,0.6376,0.6464,0.6495,0.6437,0.6544,0.6567,0.6505,0.652,0.6597,0.6533,0.6504,0.6439,0.6435,0.6403,0.6297,0.6265,0.6217,0.6178,0.6398,0.6426,0.6543,0.6501,0.6493,0.6429,0.6488
0.6423,0.6328,0.6383,0.6418,0.6418,0.6528,0.6558,0.6495,0.6512,0.6582,0.6504,0.6431,0.6439,0.6335,0.6379,0.6296,0.6253,0.6197,0.6175,0.6360,0.6412,0.6465,0.6428,0.6464,0.6427,0.6463
0.6423,0.6316,0.6376,0.6389,0.6369,0.6516,0.6515,0.6481,0.6504,0.6481,0.6497,0.6429,0.6398,0.6331,0.6300,0.6284,0.6250,0.6190,0.6174,0.6324,0.6381,0.6457,0.6399,0.6460,0.6425,0.6429
0.6418,0.6295,0.6339,0.6321,0.6366,0.6471,0.6494,0.6454,0.6483,0.6436,0.6488,0.6424,0.6389,0.6311,0.6295,0.6283,0.6205,0.6170,0.6072,0.6295,0.6365,0.6452,0.6396,0.6446,0.6414,0.6354
0.6344,0.6294,0.6331,0.632,0.6341,0.6402,0.6492,0.645,0.6432,0.6434,0.6483,0.6412,0.6328,0.6275,0.6292,0.6280,0.6198,0.6161,0.6054,0.6289,0.6326,0.6444,0.6364,0.6445,0.6398,0.6345
0.6325,0.6271,0.6328,0.6311,0.6327,0.6386,0.6491,0.6432,0.6407,0.6428,0.6462,0.6408,0.6304,0.6232,0.6258,0.6207,0.6188,0.6139,0.6045,0.6244,0.6303,0.6426,0.6355,0.6402,0.6378,0.6313
0.6273,0.6242,0.6318,0.631,0.6243,0.6381,0.648,0.6425,0.6394,0.6423,0.6372,0.6396,0.6272,0.6227,0.6231,0.6205,0.6170,0.6114,0.6036,0.6162,0.6250,0.6394,0.6355,0.6401,0.6359,0.6308
0.6269,0.6216,0.6316,0.6309,0.6236,0.638,0.6477,0.6424,0.6382,0.6414,0.6367,0.6323,0.6264,0.6218,0.6223,0.6170,0.6169,0.6102,0.6022,0.6135,0.6206,0.6391,0.6296,0.6394,0.6359,0.6308
0.6208,0.6156,0.6278,0.6307,0.619,0.6344,0.6424,0.6416,0.634,0.6373,0.6361,0.6312,0.6263,0.6216,0.6203,0.6154,0.6160,0.6099,0.5996,0.6133,0.6203,0.6353,0.6264,0.6364,0.6299,0.6304
0.6187,0.6146,0.6262,0.627,0.6183,0.6293,0.6407,0.6396,0.6339,0.632,0.6316,0.6289,0.6263,0.6212,0.6190,0.6149,0.6152,0.6092,0.5978,0.6114,0.6195,0.6342,0.6226,0.6347,0.6298,0.6297
0.6186,0.6095,0.6203,0.6237,0.6173,0.6247,0.6403,0.6349,0.6336,0.6308,0.631,0.6254,0.6249,0.6198,0.6168,0.6142,0.6147,0.6080,0.5960,0.6107,0.6194,0.6328,0.6200,0.6312,0.6277,0.6296
0.613,0.6094,0.6198,0.623,0.617,0.6186,0.6386,0.6309,0.6307,0.6261,0.6303,0.6252,0.6203,0.6162,0.6162,0.6131,0.6143,0.6071,0.5958,0.6061,0.6194,0.6304,0.6199,0.6301,0.6272,0.6267
0.6117,0.6083,0.6167,0.6221,0.6157,0.6163,0.6354,0.6256,0.6302,0.6254,0.6297,0.6218,0.6178,0.6130,0.6134,0.6127,0.6085,0.6066,0.5951,0.6020,0.6176,0.6300,0.6195,0.6295,0.6255,0.6253
0.6107,0.6082,0.6166,0.6212,0.6149,0.615,0.6289,0.6253,0.6269,0.6207,0.6242,0.6206,0.6171,0.6120,0.6119,0.6120,0.6042,0.6063,0.5944,0.5983,0.6133,0.6290,0.6147,0.6287,0.6199,0.6197
0.61,0.6044,0.608,0.6212,0.6123,0.612,0.6266,0.6197,0.6225,0.62,0.6232,0.6185,0.6162,0.6050,0.6011,0.6115,0.6023,0.6060,0.5942,0.5965,0.6131,0.6261,0.6118,0.6268,0.6197,0.6160
0.6086,0.6021,0.6041,0.6176,0.6093,0.6083,0.6181,0.6173,0.619,0.6164,0.6205,0.6184,0.6120,0.6023,0.5997,0.6074,0.6015,0.6059,0.5936,0.5935,0.6090,0.6256,0.6116,0.6260,0.6195,0.6137
0.6063,0.6017,0.6038,0.6125,0.6078,0.6076,0.6151,0.6148,0.6175,0.6138,0.6191,0.6145,0.6115,0.6005,0.5968,0.6069,0.6007,0.6041,0.5933,0.5922,0.6069,0.6223,0.6109,0.6258,0.6161,0.6082
0.6054,0.599,0.6022,0.6098,0.6071,0.6045,0.611,0.606,0.6139,0.6131,0.6183,0.6129,0.6067,0.5987,0.5937,0.6048,0.6007,0.6031,0.5913,0.5910,0.6032,0.6203,0.6052,0.6252,0.6156,0.6052
0.6051,0.5981,0.6011,0.6089,0.6048,0.6009,0.609,0.6053,0.6132,0.6072,0.6122,0.6116,0.6058,0.5985,0.5929,0.6047,0.6005,0.6030,0.5906,0.5901,0.5969,0.6198,0.6006,0.6133,0.6084,0.6020
0.6045,0.5973,0.6,0.6038,0.6048,0.5992,0.6046,0.6034,0.6068,0.6008,0.6112,0.6115,0.6057,0.5970,0.5922,0.5892,0.6004,0.5995,0.5899,0.5900,0.5967,0.6142,0.5997,0.6110,0.6078,0.6008
0.6041,0.5963,0.5987,0.6037,0.6015,0.5984,0.6028,0.6024,0.6066,0.6007,0.5998,0.6106,0.6028,0.5950,0.5915,0.5877,0.5970,0.5951,0.5887,0.5894,0.5944,0.6117,0.5993,0.6049,0.6050,0.5976
0.604,0.5956,0.5968,0.601,0.6,0.5963,0.6025,0.5968,0.6052,0.5943,0.5974,0.6018,0.6023,0.5940,0.5882,0.5850,0.5946,0.5942,0.5878,0.5889,0.5927,0.6087,0.5978,0.6024,0.6042,0.5972
0.6018,0.595,0.5963,0.5955,0.5978,0.5959,0.6001,0.5954,0.6038,0.5938,0.5953,0.599,0.5943,0.5843,0.5873,0.5835,0.5934,0.5919,0.5851,0.5874,0.5895,0.6077,0.5930,0.6021,0.6011,0.5954
